10x15x0.png,10
10x15x1.png,10
10x16x0.png,10
10x16x1.png,10
10x17x0.png,10
10x17x1.png,10
10x18x0.png,10
10x18x1.png,10
10x19x0.png,10
10x19x1.png,10
10x20x0.png,10
10x20x1.png,10
10x21x0.png,10
10x21x1.png,10
10x22x0.png,10
10x22x1.png,10
10x23x0.png,10
10x23x1.png,10
10x24x0.png,10
10x24x1.png,10
10x25x0.png,10
10x25x1.png,10
10x26x0.png,10
10x26x1.png,10
10x27x0.png,10
10x27x1.png,10
10x28x0.png,10
10x28x1.png,10
10x29x0.png,10
10x29x1.png,10
10x30x0.png,10
10x30x1.png,10
10x31x0.png,10
10x31x1.png,10
10x32x0.png,10
10x32x1.png,10
10x33x0.png,10
10x33x1.png,10
10x34x0.png,10
10x34x1.png,10
10x35x0.png,10
10x35x1.png,10
10x36x0.png,10
10x36x1.png,10
10x37x0.png,10
10x37x1.png,10
10x38x0.png,10
10x38x1.png,10
10x39x0.png,10
10x39x1.png,10
10x40x0.png,10
10x40x1.png,10
10x41x0.png,10
10x41x1.png,10
10x42x0.png,10
10x42x1.png,10
10x43x0.png,10
10x43x1.png,10
10x44x0.png,10
10x44x1.png,10
11x16x0.png,11
11x16x1.png,11
11x17x0.png,11
11x17x1.png,11
11x18x0.png,11
11x18x1.png,11
11x19x0.png,11
11x19x1.png,11
11x20x0.png,11
11x20x1.png,11
11x21x0.png,11
11x21x1.png,11
11x22x0.png,11
11x22x1.png,11
11x23x0.png,11
11x23x1.png,11
11x24x0.png,11
11x24x1.png,11
11x25x0.png,11
11x25x1.png,11
11x26x0.png,11
11x26x1.png,11
11x27x0.png,11
11x27x1.png,11
11x28x0.png,11
11x28x1.png,11
11x29x0.png,11
11x29x1.png,11
11x30x0.png,11
11x30x1.png,11
11x31x0.png,11
11x31x1.png,11
11x32x0.png,11
11x32x1.png,11
11x33x0.png,11
11x33x1.png,11
11x34x0.png,11
11x34x1.png,11
11x35x0.png,11
11x35x1.png,11
11x36x0.png,11
11x36x1.png,11
11x37x0.png,11
11x37x1.png,11
11x38x0.png,11
11x38x1.png,11
11x39x0.png,11
11x39x1.png,11
11x40x0.png,11
11x40x1.png,11
11x41x0.png,11
11x41x1.png,11
11x42x0.png,11
11x42x1.png,11
11x43x0.png,11
11x43x1.png,11
11x44x0.png,11
11x44x1.png,11
11x45x0.png,11
11x45x1.png,11
11x46x0.png,11
11x46x1.png,11
11x47x0.png,11
11x47x1.png,11
11x48x0.png,11
11x48x1.png,11
11x49x0.png,11
11x49x1.png,11
11x50x0.png,11
11x50x1.png,11
11x51x0.png,11
11x51x1.png,11
11x52x0.png,11
11x52x1.png,11
11x53x0.png,11
11x53x1.png,11
11x54x0.png,11
11x54x1.png,11
12x18x0.png,12
12x18x1.png,12
12x19x0.png,12
12x19x1.png,12
12x20x0.png,12
12x20x1.png,12
12x21x0.png,12
12x21x1.png,12
12x22x0.png,12
12x22x1.png,12
12x23x0.png,12
12x23x1.png,12
12x24x0.png,12
12x24x1.png,12
12x25x0.png,12
12x25x1.png,12
12x26x0.png,12
12x26x1.png,12
12x27x0.png,12
12x27x1.png,12
12x28x0.png,12
12x28x1.png,12
12x29x0.png,12
12x29x1.png,12
12x30x0.png,12
12x30x1.png,12
12x31x0.png,12
12x31x1.png,12
12x32x0.png,12
12x32x1.png,12
12x33x0.png,12
12x33x1.png,12
12x34x0.png,12
12x34x1.png,12
12x35x0.png,12
12x35x1.png,12
12x36x0.png,12
12x36x1.png,12
12x37x0.png,12
12x37x1.png,12
12x38x0.png,12
12x38x1.png,12
12x39x0.png,12
12x39x1.png,12
12x40x0.png,12
12x40x1.png,12
12x41x0.png,12
12x41x1.png,12
12x42x0.png,12
12x42x1.png,12
12x43x0.png,12
12x43x1.png,12
12x44x0.png,12
12x44x1.png,12
12x45x0.png,12
12x45x1.png,12
12x46x0.png,12
12x46x1.png,12
12x47x0.png,12
12x47x1.png,12
12x48x0.png,12
12x48x1.png,12
12x49x0.png,12
12x49x1.png,12
12x50x0.png,12
12x50x1.png,12
12x51x0.png,12
12x51x1.png,12
12x52x0.png,12
12x52x1.png,12
12x53x0.png,12
12x53x1.png,12
12x54x0.png,12
12x54x1.png,12
12x55x0.png,12
12x55x1.png,12
12x56x0.png,12
12x56x1.png,12
12x57x0.png,12
12x57x1.png,12
12x58x0.png,12
12x58x1.png,12
12x59x0.png,12
12x59x1.png,12
12x60x0.png,12
12x60x1.png,12
12x61x0.png,12
12x61x1.png,12
12x62x0.png,12
12x62x1.png,12
12x63x0.png,12
12x63x1.png,12
12x64x0.png,12
12x64x1.png,12
12x65x0.png,12
12x65x1.png,12
13x19x0.png,13
13x19x1.png,13
13x20x0.png,13
13x20x1.png,13
13x21x0.png,13
13x21x1.png,13
13x22x0.png,13
13x22x1.png,13
13x23x0.png,13
13x23x1.png,13
13x24x0.png,13
13x24x1.png,13
13x25x0.png,13
13x25x1.png,13
13x26x0.png,13
13x26x1.png,13
13x27x0.png,13
13x27x1.png,13
13x28x0.png,13
13x28x1.png,13
13x29x0.png,13
13x29x1.png,13
13x30x0.png,13
13x30x1.png,13
13x31x0.png,13
13x31x1.png,13
13x32x0.png,13
13x32x1.png,13
13x33x0.png,13
13x33x1.png,13
13x34x0.png,13
13x34x1.png,13
13x35x0.png,13
13x35x1.png,13
13x36x0.png,13
13x36x1.png,13
13x37x0.png,13
13x37x1.png,13
13x38x0.png,13
13x38x1.png,13
13x39x0.png,13
13x39x1.png,13
13x40x0.png,13
13x40x1.png,13
13x41x0.png,13
13x41x1.png,13
13x42x0.png,13
13x42x1.png,13
13x43x0.png,13
13x43x1.png,13
13x44x0.png,13
13x44x1.png,13
13x45x0.png,13
13x45x1.png,13
13x46x0.png,13
13x46x1.png,13
13x47x0.png,13
13x47x1.png,13
13x48x0.png,13
13x48x1.png,13
13x49x0.png,13
13x49x1.png,13
13x50x0.png,13
13x50x1.png,13
13x51x0.png,13
13x51x1.png,13
13x52x0.png,13
13x52x1.png,13
13x53x0.png,13
13x53x1.png,13
13x54x0.png,13
13x54x1.png,13
13x55x0.png,13
13x55x1.png,13
13x56x0.png,13
13x56x1.png,13
13x57x0.png,13
13x57x1.png,13
13x58x0.png,13
13x58x1.png,13
13x59x0.png,13
13x59x1.png,13
13x60x0.png,13
13x60x1.png,13
13x61x0.png,13
13x61x1.png,13
13x62x0.png,13
13x62x1.png,13
13x63x0.png,13
13x63x1.png,13
13x64x0.png,13
13x64x1.png,13
13x65x0.png,13
13x65x1.png,13
13x66x0.png,13
13x66x1.png,13
13x67x0.png,13
13x67x1.png,13
13x68x0.png,13
13x68x1.png,13
13x69x0.png,13
13x69x1.png,13
13x70x0.png,13
13x70x1.png,13
13x71x0.png,13
13x71x1.png,13
13x72x0.png,13
13x72x1.png,13
13x73x0.png,13
13x73x1.png,13
13x74x0.png,13
13x74x1.png,13
13x75x0.png,13
13x75x1.png,13
13x76x0.png,13
13x76x1.png,13
13x77x0.png,13
13x77x1.png,13
14x21x0.png,14
14x21x1.png,14
14x22x0.png,14
14x22x1.png,14
14x23x0.png,14
14x23x1.png,14
14x24x0.png,14
14x24x1.png,14
14x25x0.png,14
14x25x1.png,14
14x26x0.png,14
14x26x1.png,14
14x27x0.png,14
14x27x1.png,14
14x28x0.png,14
14x28x1.png,14
14x29x0.png,14
14x29x1.png,14
14x30x0.png,14
14x30x1.png,14
14x31x0.png,14
14x31x1.png,14
14x32x0.png,14
14x32x1.png,14
14x33x0.png,14
14x33x1.png,14
14x34x0.png,14
14x34x1.png,14
14x35x0.png,14
14x35x1.png,14
14x36x0.png,14
14x36x1.png,14
14x37x0.png,14
14x37x1.png,14
14x38x0.png,14
14x38x1.png,14
14x39x0.png,14
14x39x1.png,14
14x40x0.png,14
14x40x1.png,14
14x41x0.png,14
14x41x1.png,14
14x42x0.png,14
14x42x1.png,14
14x43x0.png,14
14x43x1.png,14
14x44x0.png,14
14x44x1.png,14
14x45x0.png,14
14x45x1.png,14
14x46x0.png,14
14x46x1.png,14
14x47x0.png,14
14x47x1.png,14
14x48x0.png,14
14x48x1.png,14
14x49x0.png,14
14x49x1.png,14
14x50x0.png,14
14x50x1.png,14
14x51x0.png,14
14x51x1.png,14
14x52x0.png,14
14x52x1.png,14
14x53x0.png,14
14x53x1.png,14
14x54x0.png,14
14x54x1.png,14
14x55x0.png,14
14x55x1.png,14
14x56x0.png,14
14x56x1.png,14
14x57x0.png,14
14x57x1.png,14
14x58x0.png,14
14x58x1.png,14
14x59x0.png,14
14x59x1.png,14
14x60x0.png,14
14x60x1.png,14
14x61x0.png,14
14x61x1.png,14
14x62x0.png,14
14x62x1.png,14
14x63x0.png,14
14x63x1.png,14
14x64x0.png,14
14x64x1.png,14
14x65x0.png,14
14x65x1.png,14
14x66x0.png,14
14x66x1.png,14
14x67x0.png,14
14x67x1.png,14
14x68x0.png,14
14x68x1.png,14
14x69x0.png,14
14x69x1.png,14
14x70x0.png,14
14x70x1.png,14
14x71x0.png,14
14x71x1.png,14
14x72x0.png,14
14x72x1.png,14
14x73x0.png,14
14x73x1.png,14
14x74x0.png,14
14x74x1.png,14
14x75x0.png,14
14x75x1.png,14
14x76x0.png,14
14x76x1.png,14
14x77x0.png,14
14x77x1.png,14
14x78x0.png,14
14x78x1.png,14
14x79x0.png,14
14x79x1.png,14
14x80x0.png,14
14x80x1.png,14
14x81x0.png,14
14x81x1.png,14
14x82x0.png,14
14x82x1.png,14
14x83x0.png,14
14x83x1.png,14
14x84x0.png,14
14x84x1.png,14
14x85x0.png,14
14x85x1.png,14
14x86x0.png,14
14x86x1.png,14
14x87x0.png,14
14x87x1.png,14
14x88x0.png,14
14x88x1.png,14
14x89x0.png,14
14x89x1.png,14
14x90x0.png,14
14x90x1.png,14
15x100x0.png,15
15x100x1.png,15
15x101x0.png,15
15x101x1.png,15
15x102x0.png,15
15x102x1.png,15
15x103x0.png,15
15x103x1.png,15
15x104x0.png,15
15x104x1.png,15
15x22x0.png,15
15x22x1.png,15
15x23x0.png,15
15x23x1.png,15
15x24x0.png,15
15x24x1.png,15
15x25x0.png,15
15x25x1.png,15
15x26x0.png,15
15x26x1.png,15
15x27x0.png,15
15x27x1.png,15
15x28x0.png,15
15x28x1.png,15
15x29x0.png,15
15x29x1.png,15
15x30x0.png,15
15x30x1.png,15
15x31x0.png,15
15x31x1.png,15
15x32x0.png,15
15x32x1.png,15
15x33x0.png,15
15x33x1.png,15
15x34x0.png,15
15x34x1.png,15
15x35x0.png,15
15x35x1.png,15
15x36x0.png,15
15x36x1.png,15
15x37x0.png,15
15x37x1.png,15
15x38x0.png,15
15x38x1.png,15
15x39x0.png,15
15x39x1.png,15
15x40x0.png,15
15x40x1.png,15
15x41x0.png,15
15x41x1.png,15
15x42x0.png,15
15x42x1.png,15
15x43x0.png,15
15x43x1.png,15
15x44x0.png,15
15x44x1.png,15
15x45x0.png,15
15x45x1.png,15
15x46x0.png,15
15x46x1.png,15
15x47x0.png,15
15x47x1.png,15
15x48x0.png,15
15x48x1.png,15
15x49x0.png,15
15x49x1.png,15
15x50x0.png,15
15x50x1.png,15
15x51x0.png,15
15x51x1.png,15
15x52x0.png,15
15x52x1.png,15
15x53x0.png,15
15x53x1.png,15
15x54x0.png,15
15x54x1.png,15
15x55x0.png,15
15x55x1.png,15
15x56x0.png,15
15x56x1.png,15
15x57x0.png,15
15x57x1.png,15
15x58x0.png,15
15x58x1.png,15
15x59x0.png,15
15x59x1.png,15
15x60x0.png,15
15x60x1.png,15
15x61x0.png,15
15x61x1.png,15
15x62x0.png,15
15x62x1.png,15
15x63x0.png,15
15x63x1.png,15
15x64x0.png,15
15x64x1.png,15
15x65x0.png,15
15x65x1.png,15
15x66x0.png,15
15x66x1.png,15
15x67x0.png,15
15x67x1.png,15
15x68x0.png,15
15x68x1.png,15
15x69x0.png,15
15x69x1.png,15
15x70x0.png,15
15x70x1.png,15
15x71x0.png,15
15x71x1.png,15
15x72x0.png,15
15x72x1.png,15
15x73x0.png,15
15x73x1.png,15
15x74x0.png,15
15x74x1.png,15
15x75x0.png,15
15x75x1.png,15
15x76x0.png,15
15x76x1.png,15
15x77x0.png,15
15x77x1.png,15
15x78x0.png,15
15x78x1.png,15
15x79x0.png,15
15x79x1.png,15
15x80x0.png,15
15x80x1.png,15
15x81x0.png,15
15x81x1.png,15
15x82x0.png,15
15x82x1.png,15
15x83x0.png,15
15x83x1.png,15
15x84x0.png,15
15x84x1.png,15
15x85x0.png,15
15x85x1.png,15
15x86x0.png,15
15x86x1.png,15
15x87x0.png,15
15x87x1.png,15
15x88x0.png,15
15x88x1.png,15
15x89x0.png,15
15x89x1.png,15
15x90x0.png,15
15x90x1.png,15
15x91x0.png,15
15x91x1.png,15
15x92x0.png,15
15x92x1.png,15
15x93x0.png,15
15x93x1.png,15
15x94x0.png,15
15x94x1.png,15
15x95x0.png,15
15x95x1.png,15
15x96x0.png,15
15x96x1.png,15
15x97x0.png,15
15x97x1.png,15
15x98x0.png,15
15x98x1.png,15
15x99x0.png,15
15x99x1.png,15
5x7x0.png,5
5x7x1.png,5
5x8x0.png,5
5x8x1.png,5
5x9x0.png,5
5x9x1.png,5
6x10x0.png,6
6x10x1.png,6
6x11x0.png,6
6x11x1.png,6
6x12x0.png,6
6x12x1.png,6
6x13x0.png,6
6x13x1.png,6
6x14x0.png,6
6x14x1.png,6
6x9x0.png,6
6x9x1.png,6
7x10x0.png,7
7x10x1.png,7
7x11x0.png,7
7x11x1.png,7
7x12x0.png,7
7x12x1.png,7
7x13x0.png,7
7x13x1.png,7
7x14x0.png,7
7x14x1.png,7
7x15x0.png,7
7x15x1.png,7
7x16x0.png,7
7x16x1.png,7
7x17x0.png,7
7x17x1.png,7
7x18x0.png,7
7x18x1.png,7
7x19x0.png,7
7x19x1.png,7
7x20x0.png,7
7x20x1.png,7
8x12x0.png,8
8x12x1.png,8
8x13x0.png,8
8x13x1.png,8
8x14x0.png,8
8x14x1.png,8
8x15x0.png,8
8x15x1.png,8
8x16x0.png,8
8x16x1.png,8
8x17x0.png,8
8x17x1.png,8
8x18x0.png,8
8x18x1.png,8
8x19x0.png,8
8x19x1.png,8
8x20x0.png,8
8x20x1.png,8
8x21x0.png,8
8x21x1.png,8
8x22x0.png,8
8x22x1.png,8
8x23x0.png,8
8x23x1.png,8
8x24x0.png,8
8x24x1.png,8
8x25x0.png,8
8x25x1.png,8
8x26x0.png,8
8x26x1.png,8
8x27x0.png,8
8x27x1.png,8
9x13x0.png,9
9x13x1.png,9
9x14x0.png,9
9x14x1.png,9
9x15x0.png,9
9x15x1.png,9
9x16x0.png,9
9x16x1.png,9
9x17x0.png,9
9x17x1.png,9
9x18x0.png,9
9x18x1.png,9
9x19x0.png,9
9x19x1.png,9
9x20x0.png,9
9x20x1.png,9
9x21x0.png,9
9x21x1.png,9
9x22x0.png,9
9x22x1.png,9
9x23x0.png,9
9x23x1.png,9
9x24x0.png,9
9x24x1.png,9
9x25x0.png,9
9x25x1.png,9
9x26x0.png,9
9x26x1.png,9
9x27x0.png,9
9x27x1.png,9
9x28x0.png,9
9x28x1.png,9
9x29x0.png,9
9x29x1.png,9
9x30x0.png,9
9x30x1.png,9
9x31x0.png,9
9x31x1.png,9
9x32x0.png,9
9x32x1.png,9
9x33x0.png,9
9x33x1.png,9
9x34x0.png,9
9x34x1.png,9
9x35x0.png,9
9x35x1.png,9
